-- ===========================================
-- Seed data for EdTech Library demo
-- Run this AFTER schema.sql
-- ===========================================

-- Create a demo district (this triggers the default rubric creation)
insert into districts (id, name, slug)
values ('d0000000-0000-0000-0000-000000000001', 'Springfield USD', 'springfield');

-- Create categories
insert into categories (id, district_id, name, description, sort_order) values
('c0000000-0000-0000-0000-000000000001', 'd0000000-0000-0000-0000-000000000001', 'Learning Management', 'Platforms for organizing courses, assignments, and grades', 0),
('c0000000-0000-0000-0000-000000000002', 'd0000000-0000-0000-0000-000000000001', 'Assessment', 'Tools for quizzes, tests, and formative assessment', 1),
('c0000000-0000-0000-0000-000000000003', 'd0000000-0000-0000-0000-000000000001', 'Communication', 'Platforms for parent, student, and staff communication', 2),
('c0000000-0000-0000-0000-000000000004', 'd0000000-0000-0000-0000-000000000001', 'Content Creation', 'Tools for creating presentations, videos, and visual projects', 3),
('c0000000-0000-0000-0000-000000000005', 'd0000000-0000-0000-0000-000000000001', 'Accessibility', 'Assistive technology and accessibility tools', 4);

-- Shared global library
insert into global_tools (
  id, canonical_name, vendor, description, website_url, grade_levels, subject_areas,
  use_cases, pricing_model, licensing_model, lms_integrations, rostering_methods,
  data_collected, accessibility_status, privacy_policy_url, terms_of_service_url,
  source, request_count, district_adoption_count, last_requested_at
) values
(
  'g0000000-0000-0000-0000-000000000001',
  'Google Classroom',
  'Google',
  'Learning management system for organizing assignments, boosting collaboration, and fostering communication.',
  'https://classroom.google.com',
  '{"K-2","3-5","6-8","9-12"}',
  '{"All Subjects"}',
  '{"classroom management","assignment workflow","feedback"}',
  'Included with Google Workspace for Education',
  'Districtwide',
  '{"Google Workspace"}',
  '{"Google Workspace sync"}',
  '{"name","email","class roster","assignment submissions"}',
  'vpat_available',
  'https://policies.google.com/privacy',
  'https://workspace.google.com/terms/education_terms/',
  'seeded',
  8,
  3,
  '2026-01-10'
),
(
  'g0000000-0000-0000-0000-000000000002',
  'Kahoot!',
  'Kahoot ASA',
  'Game-based learning platform for creating and sharing quizzes, discussions, and surveys.',
  'https://kahoot.com',
  '{"3-5","6-8","9-12"}',
  '{"All Subjects"}',
  '{"assessment","engagement","bell ringer"}',
  'Freemium',
  'Teacher or site license',
  '{"Google Classroom","Canvas"}',
  '{"Clever","manual join code"}',
  '{"name","classroom responses","usage analytics"}',
  'partially_compliant',
  'https://kahoot.com/privacy-policy/',
  'https://kahoot.com/terms/',
  'seeded',
  5,
  2,
  '2026-02-15'
),
(
  'g0000000-0000-0000-0000-000000000003',
  'Seesaw',
  'Seesaw Learning',
  'Student-driven digital portfolio and parent communication platform for K-5.',
  'https://web.seesaw.me',
  '{"K-2","3-5"}',
  '{"All Subjects"}',
  '{"student portfolio","family communication","reflection"}',
  'School and district subscription',
  'Site license',
  '{}',
  '{}',
  '{"student work","audio recordings","photos","family contact information"}',
  'vpat_available',
  null,
  null,
  'seeded',
  4,
  1,
  '2026-01-22'
),
(
  'g0000000-0000-0000-0000-000000000004',
  'Canva for Education',
  'Canva',
  'Free design platform for creating presentations, posters, and visual projects.',
  'https://www.canva.com/education',
  '{"6-8","9-12"}',
  '{"ELA","Art","Social Studies"}',
  '{"content creation","student projects","presentations"}',
  'Free for education',
  'District or teacher-managed',
  '{"Google Classroom","Canvas"}',
  '{}',
  '{"name","email","student work"}',
  'vpat_available',
  'https://www.canva.com/policies/privacy-policy/',
  'https://www.canva.com/policies/terms-of-use/',
  'seeded',
  6,
  2,
  '2026-02-05'
),
(
  'g0000000-0000-0000-0000-000000000005',
  'Nearpod',
  'Renaissance',
  'Interactive instruction platform for lessons, formative checks, and student engagement.',
  'https://nearpod.com',
  '{"3-5","6-8","9-12"}',
  '{"All Subjects"}',
  '{"interactive lessons","formative assessment","presentations"}',
  'Freemium',
  'School or district subscription',
  '{"Google Classroom","Canvas","Schoology"}',
  '{"Clever","ClassLink"}',
  '{"name","email","student responses","usage analytics"}',
  'review_needed',
  'https://nearpod.com/privacy-policy',
  'https://nearpod.com/terms-of-service',
  'seeded',
  3,
  0,
  '2026-02-20'
),
(
  'g0000000-0000-0000-0000-000000000006',
  'Padlet',
  'Padlet',
  'Collaborative bulletin board for brainstorming, response collection, and sharing resources.',
  'https://padlet.com',
  '{"3-5","6-8","9-12"}',
  '{"All Subjects"}',
  '{"brainstorming","collaboration","exit ticket"}',
  'Freemium',
  'Teacher or school license',
  '{"Google Classroom"}',
  '{}',
  '{"name","email","posted content"}',
  'review_needed',
  'https://legal.padlet.com/privacy',
  'https://legal.padlet.com/terms',
  'seeded',
  2,
  0,
  '2026-03-01'
);

-- Evidence-backed starter expansion toward a top-100 shared library.
-- Methodology:
-- 1. LearnPlatform / Instructure 2024-25 EdTech Top 40 and category rankings
-- 2. LearnPlatform 2023-24 / 2022-23 public summaries
-- 3. Supplemental district-market signals from ListEdTech, LTC, Lightspeed, Niche, ParentSquare, and ClassDojo
-- This is a curated starter 100, not an official audited rank-ordered top 100.
insert into global_tools (
  id,
  canonical_name,
  vendor,
  source,
  request_count,
  district_adoption_count,
  last_requested_at
) values
('g0000000-0000-0000-0000-000000000007','ABCya!','IXL Learning','seeded',2,0,'2026-02-11'),
('g0000000-0000-0000-0000-000000000008','Adobe','Adobe','seeded',3,1,'2026-02-18'),
('g0000000-0000-0000-0000-000000000009','Blooket','Blooket','seeded',4,1,'2026-02-21'),
('g0000000-0000-0000-0000-000000000010','Canvas LMS','Instructure','seeded',7,2,'2026-02-25'),
('g0000000-0000-0000-0000-000000000011','ChatGPT','OpenAI','seeded',6,1,'2026-03-05'),
('g0000000-0000-0000-0000-000000000012','ClassLink','ClassLink','seeded',5,2,'2026-02-14'),
('g0000000-0000-0000-0000-000000000013','Clever','Kahoot!','seeded',7,3,'2026-02-22'),
('g0000000-0000-0000-0000-000000000014','Code.org','Code.org','seeded',6,2,'2026-02-17'),
('g0000000-0000-0000-0000-000000000015','CoolMathGames','Coolmath LLC','seeded',2,0,'2026-01-28'),
('g0000000-0000-0000-0000-000000000016','Desmos','Amplify','seeded',6,2,'2026-02-16'),
('g0000000-0000-0000-0000-000000000017','EdPuzzle','Edpuzzle','seeded',5,1,'2026-02-19'),
('g0000000-0000-0000-0000-000000000018','Encyclopedia Britannica','Britannica Education','seeded',3,1,'2026-02-09'),
('g0000000-0000-0000-0000-000000000019','Epic!','Epic Creations','seeded',5,1,'2026-02-08'),
('g0000000-0000-0000-0000-000000000020','Gimkit','Gimkit','seeded',4,1,'2026-02-13'),
('g0000000-0000-0000-0000-000000000021','GoGuardian','GoGuardian','seeded',5,2,'2026-02-24'),
('g0000000-0000-0000-0000-000000000022','Google Workspace for Education','Google','seeded',9,4,'2026-02-28'),
('g0000000-0000-0000-0000-000000000023','Grammarly','Grammarly','seeded',4,1,'2026-02-23'),
('g0000000-0000-0000-0000-000000000024','History.com','A+E Global Media','seeded',2,0,'2026-01-31'),
('g0000000-0000-0000-0000-000000000025','i-Ready','Curriculum Associates','seeded',8,3,'2026-03-02'),
('g0000000-0000-0000-0000-000000000026','IXL Learning','IXL Learning','seeded',7,2,'2026-02-27'),
('g0000000-0000-0000-0000-000000000027','Kami','Kami','seeded',4,1,'2026-02-15'),
('g0000000-0000-0000-0000-000000000028','Khan Academy','Khan Academy','seeded',6,2,'2026-02-20'),
('g0000000-0000-0000-0000-000000000029','Math Playground','Math Playground','seeded',2,0,'2026-01-26'),
('g0000000-0000-0000-0000-000000000030','McGraw Hill','McGraw Hill','seeded',6,2,'2026-02-26'),
('g0000000-0000-0000-0000-000000000031','Microsoft 365','Microsoft','seeded',7,3,'2026-02-28'),
('g0000000-0000-0000-0000-000000000032','Panorama Education','Panorama Education','seeded',3,1,'2026-02-12'),
('g0000000-0000-0000-0000-000000000033','PBS','PBS','seeded',2,0,'2026-01-30'),
('g0000000-0000-0000-0000-000000000034','PhET Interactive','University of Colorado Boulder','seeded',4,1,'2026-02-10'),
('g0000000-0000-0000-0000-000000000035','PowerSchool','PowerSchool','seeded',6,3,'2026-02-27'),
('g0000000-0000-0000-0000-000000000036','Prodigy','Prodigy Education','seeded',4,1,'2026-02-11'),
('g0000000-0000-0000-0000-000000000037','Quizizz','Quizizz','seeded',5,1,'2026-02-19'),
('g0000000-0000-0000-0000-000000000038','Quizlet','Quizlet','seeded',5,1,'2026-02-18'),
('g0000000-0000-0000-0000-000000000039','Scratch','Scratch Foundation','seeded',3,1,'2026-02-07'),
('g0000000-0000-0000-0000-000000000040','Securly','Securly','seeded',4,2,'2026-02-17'),
('g0000000-0000-0000-0000-000000000041','Weebly','Square','seeded',2,0,'2026-01-25'),
('g0000000-0000-0000-0000-000000000042','YouTube','Google','seeded',8,4,'2026-03-01'),
('g0000000-0000-0000-0000-000000000043','Schoology','PowerSchool','seeded',5,2,'2026-02-21'),
('g0000000-0000-0000-0000-000000000044','Savvas Realize','Savvas Learning Company','seeded',4,1,'2026-02-20'),
('g0000000-0000-0000-0000-000000000045','Amplify','Amplify','seeded',5,1,'2026-02-24'),
('g0000000-0000-0000-0000-000000000046','Lexia','Lexia Learning','seeded',4,1,'2026-02-14'),
('g0000000-0000-0000-0000-000000000047','CommonLit','CommonLit','seeded',4,1,'2026-02-13'),
('g0000000-0000-0000-0000-000000000048','Houghton Mifflin Harcourt (HMH)','HMH','seeded',4,1,'2026-02-12'),
('g0000000-0000-0000-0000-000000000049','DeltaMath','DeltaMath','seeded',3,1,'2026-02-06'),
('g0000000-0000-0000-0000-000000000050','ReadWorks','ReadWorks','seeded',3,1,'2026-02-08'),
('g0000000-0000-0000-0000-000000000051','CK-12','CK-12 Foundation','seeded',3,0,'2026-02-04'),
('g0000000-0000-0000-0000-000000000052','BrainPop','BrainPOP','seeded',5,1,'2026-02-16'),
('g0000000-0000-0000-0000-000000000053','ExploreLearning','Cambium Learning Group','seeded',3,1,'2026-02-05'),
('g0000000-0000-0000-0000-000000000054','Typing.com','Typing.com','seeded',3,0,'2026-02-03'),
('g0000000-0000-0000-0000-000000000055','Sora','OverDrive','seeded',3,1,'2026-02-06'),
('g0000000-0000-0000-0000-000000000056','TypingClub','TypingClub','seeded',3,0,'2026-02-04'),
('g0000000-0000-0000-0000-000000000057','PebbleGO','Capstone','seeded',2,0,'2026-02-02'),
('g0000000-0000-0000-0000-000000000058','Nitro Type','Teaching.com','seeded',2,0,'2026-01-29'),
('g0000000-0000-0000-0000-000000000059','Newsela','Newsela','seeded',4,1,'2026-02-18'),
('g0000000-0000-0000-0000-000000000060','Discovery Education','Discovery Education','seeded',4,1,'2026-02-15'),
('g0000000-0000-0000-0000-000000000061','NoRedInk','NoRedInk','seeded',3,1,'2026-02-09'),
('g0000000-0000-0000-0000-000000000062','Pear Deck','GoGuardian','seeded',4,1,'2026-02-14'),
('g0000000-0000-0000-0000-000000000063','Mastery Connect','Instructure','seeded',3,1,'2026-02-10'),
('g0000000-0000-0000-0000-000000000064','99Math','99math','seeded',2,0,'2026-01-27'),
('g0000000-0000-0000-0000-000000000065','Formative','Formative','seeded',3,1,'2026-02-08'),
('g0000000-0000-0000-0000-000000000066','SurveyMonkey','SurveyMonkey','seeded',2,0,'2026-01-24'),
('g0000000-0000-0000-0000-000000000067','Pear Assessment','Pear Deck Learning','seeded',2,0,'2026-01-23'),
('g0000000-0000-0000-0000-000000000068','Study.com','Study.com','seeded',3,1,'2026-02-11'),
('g0000000-0000-0000-0000-000000000069','Brainly','Brainly','seeded',2,0,'2026-01-22'),
('g0000000-0000-0000-0000-000000000070','SparkNotes','Barnes & Noble Education','seeded',2,0,'2026-01-21'),
('g0000000-0000-0000-0000-000000000071','Gale Academic OneFile','Cengage','seeded',2,0,'2026-01-20'),
('g0000000-0000-0000-0000-000000000072','Mathway','Chegg','seeded',2,0,'2026-01-19'),
('g0000000-0000-0000-0000-000000000073','Scholastic','Scholastic','seeded',3,1,'2026-02-07'),
('g0000000-0000-0000-0000-000000000074','Zoom','Zoom','seeded',4,2,'2026-02-18'),
('g0000000-0000-0000-0000-000000000075','MIT App Inventor','MIT','seeded',2,0,'2026-01-18'),
('g0000000-0000-0000-0000-000000000076','NYTimes.com','The New York Times','seeded',2,0,'2026-01-17'),
('g0000000-0000-0000-0000-000000000077','Wikipedia','Wikimedia Foundation','seeded',2,0,'2026-01-16'),
('g0000000-0000-0000-0000-000000000078','Google Docs','Google','seeded',6,3,'2026-02-28'),
('g0000000-0000-0000-0000-000000000079','Google Slides','Google','seeded',6,3,'2026-02-28'),
('g0000000-0000-0000-0000-000000000080','Google Drive','Google','seeded',6,3,'2026-02-28'),
('g0000000-0000-0000-0000-000000000081','Google Forms','Google','seeded',5,2,'2026-02-27'),
('g0000000-0000-0000-0000-000000000082','Google Sites','Google','seeded',3,1,'2026-02-11'),
('g0000000-0000-0000-0000-000000000083','Google Meet','Google','seeded',4,2,'2026-02-13'),
('g0000000-0000-0000-0000-000000000084','Microsoft Teams for Education','Microsoft','seeded',4,2,'2026-02-20'),
('g0000000-0000-0000-0000-000000000085','Moodle','Moodle','seeded',3,1,'2026-02-05'),
('g0000000-0000-0000-0000-000000000086','Blackboard Learn','Anthology','seeded',2,0,'2026-01-31'),
('g0000000-0000-0000-0000-000000000087','D2L Brightspace','D2L','seeded',2,0,'2026-01-30'),
('g0000000-0000-0000-0000-000000000088','Infinite Campus','Infinite Campus','seeded',4,2,'2026-02-15'),
('g0000000-0000-0000-0000-000000000089','Skyward','Skyward','seeded',3,1,'2026-02-09'),
('g0000000-0000-0000-0000-000000000090','FACTS SIS','FACTS','seeded',2,0,'2026-01-29'),
('g0000000-0000-0000-0000-000000000091','Aeries','Aeries Software','seeded',2,0,'2026-01-28'),
('g0000000-0000-0000-0000-000000000092','ParentSquare','ParentSquare','seeded',3,1,'2026-02-12'),
('g0000000-0000-0000-0000-000000000093','Apptegy','Apptegy','seeded',2,0,'2026-01-27'),
('g0000000-0000-0000-0000-000000000094','ClassDojo','ClassDojo','seeded',3,1,'2026-02-10'),
('g0000000-0000-0000-0000-000000000095','SchoolMessenger','PowerSchool','seeded',2,0,'2026-01-26'),
('g0000000-0000-0000-0000-000000000096','Renaissance','Renaissance','seeded',3,1,'2026-02-14'),
('g0000000-0000-0000-0000-000000000097','Istation','Istation','seeded',2,0,'2026-01-25'),
('g0000000-0000-0000-0000-000000000098','Alma','Alma','seeded',2,0,'2026-01-24'),
('g0000000-0000-0000-0000-000000000099','Synergy Education Platform','Edupoint','seeded',2,0,'2026-01-23'),
('g0000000-0000-0000-0000-000000000100','Otus','Otus','seeded',2,0,'2026-01-22');

-- Create approved tools
insert into tools (district_id, global_tool_id, name, vendor, description, url, category_id, grade_levels, subject_areas, dpa_status, dpa_expiration, status, approved_at) values
(
  'd0000000-0000-0000-0000-000000000001',
  'g0000000-0000-0000-0000-000000000001',
  'Google Classroom',
  'Google',
  'Learning management system for organizing assignments, boosting collaboration, and fostering communication.',
  'https://classroom.google.com',
  'c0000000-0000-0000-0000-000000000001',
  '{"K-2","3-5","6-8","9-12"}',
  '{"All Subjects"}',
  'signed',
  '2027-06-30',
  'approved',
  '2025-08-15'
),
(
  'd0000000-0000-0000-0000-000000000001',
  'g0000000-0000-0000-0000-000000000002',
  'Kahoot!',
  'Kahoot ASA',
  'Game-based learning platform for creating and sharing quizzes, discussions, and surveys.',
  'https://kahoot.com',
  'c0000000-0000-0000-0000-000000000002',
  '{"3-5","6-8","9-12"}',
  '{"All Subjects"}',
  'signed',
  '2026-12-31',
  'approved',
  '2025-09-01'
),
(
  'd0000000-0000-0000-0000-000000000001',
  'g0000000-0000-0000-0000-000000000003',
  'Seesaw',
  'Seesaw Learning',
  'Student-driven digital portfolio and parent communication platform for K-5.',
  'https://web.seesaw.me',
  'c0000000-0000-0000-0000-000000000003',
  '{"K-2","3-5"}',
  '{"All Subjects"}',
  'signed',
  '2026-08-01',
  'approved',
  '2025-07-20'
),
(
  'd0000000-0000-0000-0000-000000000001',
  'g0000000-0000-0000-0000-000000000004',
  'Canva for Education',
  'Canva',
  'Free design platform for creating presentations, posters, and visual projects.',
  'https://www.canva.com/education',
  'c0000000-0000-0000-0000-000000000004',
  '{"6-8","9-12"}',
  '{"ELA","Art","Social Studies"}',
  'signed',
  '2027-01-15',
  'approved',
  '2025-10-10'
),
(
  'd0000000-0000-0000-0000-000000000001',
  null,
  'Read&Write by Texthelp',
  'Texthelp',
  'Literacy support toolbar with text-to-speech, dictionaries, and writing aids.',
  'https://www.texthelp.com/products/read-and-write-education',
  'c0000000-0000-0000-0000-000000000005',
  '{"3-5","6-8","9-12"}',
  '{"ELA","Special Education"}',
  'signed',
  '2026-06-30',
  'approved',
  '2025-08-05'
),
(
  'd0000000-0000-0000-0000-000000000001',
  null,
  'Desmos',
  'Amplify',
  'Free graphing calculator and interactive math activities for grades 6-12.',
  'https://www.desmos.com',
  'c0000000-0000-0000-0000-000000000002',
  '{"6-8","9-12"}',
  '{"Math"}',
  'signed',
  '2027-03-01',
  'approved',
  '2025-09-15'
);

update tools
set
  intended_use = 'Core LMS for assignments, announcements, lightweight grading, and classroom workflow.',
  pricing_model = 'Included with Google Workspace for Education',
  licensing_model = 'Districtwide',
  integration_notes = 'Supports Classroom add-ons and common Google ecosystem workflows.',
  lms_integrations = '{"Google Workspace"}',
  rostering_methods = '{"Google Workspace sync"}',
  sso_support = 'required',
  requires_district_sso = true,
  accessibility_status = 'vpat_available',
  data_collected = '{"name","email","class roster","assignment submissions"}',
  data_risk_level = 'medium',
  privacy_policy_url = 'https://policies.google.com/privacy',
  terms_of_service_url = 'https://workspace.google.com/terms/education_terms/',
  allowed_roles = '{"teacher","student","admin"}',
  teacher_guide_url = 'https://support.google.com/edu/classroom',
  training_materials_url = 'https://edu.google.com/teaching-resources/',
  use_cases = '{"classroom management","assignment workflow","feedback"}',
  collections = '{"district favorites","core classroom systems"}',
  featured = true,
  next_review_date = '2026-08-01',
  review_cycle_months = 12,
  last_privacy_review_at = '2025-08-01',
  last_terms_review_at = '2025-08-01'
where name = 'Google Classroom';

update tools
set
  intended_use = 'Formative assessment, checks for understanding, and review games.',
  pricing_model = 'Freemium with premium teacher and school plans',
  licensing_model = 'Teacher or site license',
  lms_integrations = '{"Google Classroom","Canvas"}',
  rostering_methods = '{"Clever","manual join code"}',
  sso_support = 'supported',
  accessibility_status = 'partially_compliant',
  data_collected = '{"name","classroom responses","usage analytics"}',
  data_risk_level = 'medium',
  allowed_roles = '{"teacher","student"}',
  use_cases = '{"assessment","engagement","bell ringer"}',
  collections = '{"assessment stack"}',
  next_review_date = '2026-09-15',
  review_cycle_months = 12,
  last_privacy_review_at = '2025-09-01'
where name = 'Kahoot!';

update tools
set
  status = 'approved_with_restrictions',
  intended_use = 'Digital student portfolios and family communication in elementary settings.',
  pricing_model = 'School and district subscription',
  licensing_model = 'Site license',
  sso_support = 'supported',
  requires_district_sso = true,
  accessibility_status = 'vpat_available',
  data_collected = '{"student work","audio recordings","photos","family contact information"}',
  data_risk_level = 'high',
  allowed_roles = '{"teacher","student","admin"}',
  restriction_notes = 'Family messaging and portfolio sharing should follow district communications guidance.',
  teacher_guide_url = 'https://help.seesaw.me/hc/en-us',
  training_materials_url = 'https://web.seesaw.me/learning',
  district_guidance_url = 'https://example.org/district-guidance/seesaw',
  use_cases = '{"student portfolio","family communication","reflection"}',
  collections = '{"elementary toolkit"}',
  next_review_date = '2026-06-15',
  review_cycle_months = 12,
  last_privacy_review_at = '2025-07-15',
  last_terms_review_at = '2025-07-15'
where name = 'Seesaw';
